车辆 ID,速度序列 (m/s),加速度序列 (m/s^2),完成状态,X 坐标序列,Y 坐标序列,进入时间步,角度序列
1,"[22.0, 21.835418695600865, 21.68613523678279, 21.550543170063175, 21.55420417682207, 21.566184901854633, 21.58506921953825, 21.609651485184692, 21.638904548342186, 21.671953022867644, 21.70805083702574, 21.74656229702898, 21.786946055788174, 21.828741499392972, 21.87155715696707, 21.915060812144514, 21.958971051602944, 22.00305003158427, 22.047097279863888, 22.090944380221572, 22.134450410636305, 22.177498026318123, 22.219990095174502, 22.26184680705673, 22.303003189662476, 22.343406973690428, 22.383016758071612, 22.42180043309484, 22.459733825205213, 22.496799532350153, 22.532985923112708, 22.568286276617545, 22.602698043413746, 22.636222210307103, 22.66886275449763, 22.700626174430095, 22.73152108653305, 22.761557878544405, 22.79074841143289, 22.819105763053983, 22.846644007650802, 22.873378026146664, 22.8993233428951, 22.924495985171202, 22.944475245733244, 22.96005315552531, 22.97190080015348, 22.98058639815475, 22.98659083523929]","[0.0, -1.6458130439913532, -1.4928345881807559, -1.3559206671961377, 0.03661006758893137, 0.11980725032564976, 0.1888431768361798, 0.24582265646440504, 0.29253063157494097, 0.33048474525458005, 0.3609781415809721, 0.38511460003238795, 0.4038375875919442, 0.4179544360479781, 0.4281565757409922, 0.4350365517744237, 0.4391023945843031, 0.4407897998132526, 0.44047248279618145, 0.43847100357684354, 0.43506030414732777, 0.4304761568181803, 0.4249206885637946, 0.41856711882228836, 0.4115638260574528, 0.40403784027951417, 0.39609784381184454, 0.3878367502322888, 0.379333921103715, 0.37065707144940063, 0.36186390762555476, 0.3530035350483729, 0.3441176679620028, 0.3352416689335769, 0.32640544190527976, 0.31763419932463677, 0.3089491210295492, 0.3003679201135512, 0.29190532888485166, 0.28357351621092874, 0.27538244596819084, 0.2673401849586199, 0.25945316748437364, 0.25172642276100277, 0.19979260562042356, 0.15577909792064304, 0.1184764462817256, 0.08685598001267891, 0.060044370845417916]",0,"[0.0, 2.1835418695600866, 4.352155393238366, 6.507209710244684, 8.66263012792689, 10.819248618112354, 12.97775554006618, 15.13872068858465, 17.30261114341887, 19.469806445705633, 21.640611529408208, 23.815267759111105, 25.99396236468992, 28.17683651462922, 30.363992230325927, 32.555498311540376, 34.75139541670067, 36.951700419859094, 39.156410147845484, 41.36550458586764, 43.57894962693127, 45.796699429563084, 48.01869843908054, 50.24488311978621, 52.47518343875246, 54.7095241361215, 56.947825811928666, 59.19000585523815, 61.43597923775867, 63.68565919099369, 65.93895778330496, 68.19578641096672, 70.4560562153081, 72.71967843633881, 74.98656471178857, 77.25662732923158, 79.52977943788488, 81.80593522573932, 84.0850100668826, 86.366920643188, 88.65158504395308, 90.93892284656775, 93.22885518085727, 95.52130477937439, 97.81575230394772, 100.11175761950025, 102.40894769951561, 104.70700633933109, 107.00566542285502]","[2.0, 2.0, 2.0, 2.0, 2.0, 2.0, 2.0, 2.0, 2.0, 2.0, 2.0, 2.0, 2.0, 2.0, 2.0, 2.0, 2.0, 2.0, 2.0, 2.0, 2.0, 2.0, 2.0, 2.0, 2.0, 2.0, 2.0, 2.0, 2.0, 2.0, 2.0, 2.0, 2.0, 2.0, 2.0, 2.0, 2.0, 2.0, 2.0, 2.0, 2.0, 2.0, 2.0, 2.0, 2.0, 2.0, 2.0, 2.0, 2.0]",2,"[90.0, 90.0, 90.0, 90.0, 90.0, 90.0, 90.0, 90.0, 90.0, 90.0, 90.0, 90.0, 90.0, 90.0, 90.0, 90.0, 90.0, 90.0, 90.0, 90.0, 90.0, 90.0, 90.0, 90.0, 90.0, 90.0, 90.0, 90.0, 90.0, 90.0, 90.0, 90.0, 90.0, 90.0, 90.0, 90.0, 90.0, 90.0, 90.0, 90.0, 90.0, 90.0, 90.0, 90.0, 90.0, 90.0, 90.0, 90.0, 90.0]"
2,"[22.0, 22.1185872030179, 22.227985213749008, 22.328833665483373, 22.32173853062552, 22.315204224999764, 22.309186154841157, 22.311199835713985, 22.321302789116356, 22.338203994462607, 22.36079088529898, 22.38810421841256, 22.4193167679802, 22.45371518626904, 22.49068450393709, 22.529694844293655, 22.570290004726207, 22.61207762047283, 22.65472067509105, 22.697930161340075, 22.741458727980866, 22.785095173874044, 22.82865967198185, 22.888474849865997, 22.946777489602898, 23.003637787722017, 23.059118693122095, 23.11327687363171, 23.166163560273592, 23.217825283278085, 23.26830451245319, 23.317640213201518, 23.365868328273123, 23.413022194252076, 23.459132900786134, 23.504229599676723, 23.548339770142814, 23.591489445850307, 23.63370340865111, 23.67500535339694, 23.715418027675298, 23.754963349853764, 23.79366250840782, 23.831536045142226, 23.864110387875737, 23.892089214255193, 23.916081904644212, 23.93661569043288, 23.954146385396722]","[0.0, 1.1858720301789916, 1.09398010731109, 1.0084845173436463, -0.07095134857852514, -0.06534305625756076, -0.06018070158607003, 0.020136808728281608, 0.10102953402370218, 0.16901205346250947, 0.2258689083637222, 0.27313333113582416, 0.3121254956763764, 0.3439841828884127, 0.3696931766804923, 0.39010340356565365, 0.4059516043255229, 0.41787615746624596, 0.4264305461821749, 0.43209486249025986, 0.4352856664079141, 0.4363644589317772, 0.43564498107805605, 0.5981517788414692, 0.5830263973690109, 0.5686029811911908, 0.5548090540007777, 0.5415818050961363, 0.5288668664188378, 0.516617230044929, 0.5047922917510661, 0.4933570074832616, 0.48228115071605515, 0.47153865978952325, 0.46110706534058465, 0.4509669889058898, 0.4411017046609089, 0.43149675707493174, 0.42213962800804694, 0.41301944745828933, 0.40412674278357485, 0.39545322178465625, 0.3869915855405637, 0.37873536734405633, 0.3257434273351123, 0.2797882637945648, 0.23992690389018634, 0.20533785788668268, 0.17530694963841853]",0,"[0.0, 2.21185872030179, 4.434657241676691, 6.667540608225028, 8.89971446128758, 11.131234883787556, 13.362153499271672, 15.59327348284307, 17.825403761754707, 20.059224161200966, 22.295303249730864, 24.534113671572122, 26.776045348370143, 29.021416866997047, 31.270485317390754, 33.52345480182012, 35.78048380229274, 38.04169156434003, 40.307163631849136, 42.576956647983145, 44.85110252078123, 47.12961203816864, 49.41247800536682, 51.70132549035342, 53.99600323931371, 56.29636701808591, 58.60227888739812, 60.91360657476129, 63.23022293078865, 65.55200545911646, 67.87883591036177, 70.21059993168193, 72.54718676450923, 74.88848898393444, 77.23440227401305, 79.58482523398072, 81.939659210995, 84.29880815558003, 86.66217849644515, 89.02967903178484, 91.40122083455236, 93.77671716953773, 96.15608342037851, 98.53923702489273, 100.9256480636803, 103.31485698510582, 105.70646517557024, 108.10012674461353, 110.49554138315321]","[0.0, 0.0, 0.0, 0.0, 0.0, 0.0, 0.0, 0.0, 0.0, 0.0, 0.0, 0.0, 0.0, 0.0, 0.0, 0.0, 0.0, 0.0, 0.0, 0.0, 0.0, 0.0, 0.0, 0.0, 0.0, 0.0, 0.0, 0.0, 0.0, 0.0, 0.0, 0.0, 0.0, 0.0, 0.0, 0.0, 0.0, 0.0, 0.0, 0.0, 0.0, 0.0, 0.0, 0.0, 0.0, 0.0, 0.0, 0.0, 0.0]",2,"[90.0, 90.0, 90.0, 90.0, 90.0, 90.0, 90.0, 90.0, 90.0, 90.0, 90.0, 90.0, 90.0, 90.0, 90.0, 90.0, 90.0, 90.0, 90.0, 90.0, 90.0, 90.0, 90.0, 90.0, 90.0, 90.0, 90.0, 90.0, 90.0, 90.0, 90.0, 90.0, 90.0, 90.0, 90.0, 90.0, 90.0, 90.0, 90.0, 90.0, 90.0, 90.0, 90.0, 90.0, 90.0, 90.0, 90.0, 90.0, 90.0]"
3,"[22.0, 21.919327642441996, 21.84841399785379, 21.78633803748262, 21.732279177682265, 21.685503584561303, 21.645352759800485, 21.61123396216039, 21.58261211808596, 21.559002949310955, 21.539967102041768, 21.525105105818024, 21.51405302385201, 21.506478682967163, 21.50207839196496, 21.500574073664144, 21.501710748956825, 21.50525432175049, 21.510989622172062, 21.51871867232791, 21.52825914456981, 21.53944298686684, 21.55211519372478, 21.566132704283966, 21.58136341188629, 21.597685271630034, 21.61498549430472, 21.63299255339428, 21.651482677730975, 21.670271648707065, 21.689208062755455]","[0.0, -0.8067235755800439, -0.7091364458820593, -0.6207596037117113, -0.5405885980035308, -0.46775593120962355, -0.4015082476081844, -0.34118797640093845, -0.2862184407442925, -0.2360916877500685, -0.19035847269186945, -0.1486199622374329, -0.11052081966013816, -0.0757434088484743, -0.044002910022022945, -0.01504318300817431, 0.01136675292681133, 0.03543572793663685, 0.057353004215734416, 0.07729050155848682, 0.09540472241898357, 0.111838422970294, 0.1267220685794257, 0.14017510559185098, 0.15230707602324145, 0.16321859743744227, 0.17300222674684562, 0.1800705908956246, 0.18490124336693725, 0.18788970976089558, 0.18936414048390304]",0,"[0.0, 2.1919327642441995, 4.3767741640295785, 6.555407967777841, 8.728635885546067, 10.897186244002198, 13.061721519982246, 15.222844916198286, 17.38110612800688, 19.537006422937978, 21.691003133142154, 23.843513643723956, 25.994918946109156, 28.14556681440587, 30.29577465360237, 32.44583206096878, 34.596003135864464, 36.746528568039516, 38.89762753025672, 41.04949939748951, 43.202325311946495, 45.35626961063318, 47.511481130005656, 49.66809440043405, 51.82623074162268, 53.98599926878568, 56.14749781821615, 58.31079707355558, 60.475945341328675, 62.642972506199385, 64.81189331247494]","[2.0, 2.0, 2.0, 2.0, 2.0, 2.0, 2.0, 2.0, 2.0, 2.0, 2.0, 2.0, 2.0, 2.0, 2.0, 2.0, 2.0, 2.0, 2.0, 2.0, 2.0, 2.0, 2.0, 2.0, 2.0, 2.0, 2.0, 2.0, 2.0, 2.0, 2.0]",20,"[90.0, 90.0, 90.0, 90.0, 90.0, 90.0, 90.0, 90.0, 90.0, 90.0, 90.0, 90.0, 90.0, 90.0, 90.0, 90.0, 90.0, 90.0, 90.0, 90.0, 90.0, 90.0, 90.0, 90.0, 90.0, 90.0, 90.0, 90.0, 90.0, 90.0, 90.0]"
4,"[22.0, 21.821944790298033, 21.66229123504105, 21.51896548412195, 21.39019801867146, 21.274467262247672, 21.170455644226575, 21.0770149643659, 20.993132181963325, 20.91790971816887, 20.850549212180436]","[0.0, -1.7805520970196653, -1.59653555256984, -1.4332575091910016, -1.2876746545049045, -1.1573075642378683, -1.0401161802109726, -0.9344067986067373, -0.8388278240257563, -0.7522246379445718, -0.6736050598843235]",0,"[0.0, 2.1821944790298033, 4.3484236025339085, 6.500320150946104, 8.63933995281325, 10.766786679038017, 12.883832243460674, 14.991533739897264, 17.090846958093596, 19.182637929910484, 21.26769285112853]","[2.0, 2.0, 2.0, 2.0, 2.0, 2.0, 2.0, 2.0, 2.0, 2.0, 2.0]",40,"[90.0, 90.0, 90.0, 90.0, 90.0, 90.0, 90.0, 90.0, 90.0, 90.0, 90.0]"
5,"[22.0, 21.952874799984027, 21.912841378358287, 21.87937899016502, 21.851996661307627, 21.830232815428094, 21.81365451307153, 21.80185642728384, 21.794459648660382, 21.791110389165237, 21.791478635993435, 21.79606765667421, 21.80446782771775, 21.816310299781495, 21.83126202336795, 21.84902150821336, 21.869315191710374, 21.891894315449786, 21.91653222770756, 21.943022044596564, 21.97117461451265, 22.000816740085476, 22.031789619594857, 22.063947476115597, 22.097156347804265, 22.13129301696998, 22.166244059058705, 22.201904995568654, 22.23817953731585, 22.274978906473105, 22.312221227484542, 22.349830978368864, 22.387566369816334, 22.425227635874133, 22.46265024666307, 22.499699278837767]","[0.0, -0.4712520001597298, -0.4003342162573986, -0.33462388193267856, -0.27382328857392224, -0.21763845879533505, -0.16578302356563768, -0.11798085787688706, -0.07396778623459, -0.03349259495145418, 0.003682468281986928, 0.04589020680775491, 0.08400171043540183, 0.11842472063744225, 0.14951723586456467, 0.177594848454099, 0.20293683497012438, 0.22579123739411955, 0.24637912257773564, 0.26489816889004203, 0.281525699160845, 0.2964212557282764, 0.309728795093811, 0.32157856520740324, 0.3320887168866804, 0.34136669165715006, 0.34951042088724904, 0.35660936509948726, 0.3627454174719702, 0.36799369157254347, 0.37242321011436985, 0.37609750884321613, 0.37735391447469624, 0.37661266057799736, 0.3742261078893705, 0.3704903217469635]",0,"[0.0, 2.195287479998403, 4.386571617834232, 6.574509516850734, 8.759709182981496, 10.942732464524305, 13.124097915831458, 15.304283558559842, 17.48372952342588, 19.662840562342403, 21.841988425941746, 24.02159519160917, 26.202041974380943, 28.383673004359093, 30.566799206695887, 32.75170135751722, 34.93863287668826, 37.12782230823324, 39.319475531003995, 41.51377773546365, 43.71089519691491, 45.91097687092346, 48.11415583288295, 50.32055058049451, 52.530266215274935, 54.74339551697193, 56.9600199228778, 59.18021042243466, 61.404028376166245, 63.63152626681356, 65.86274838956201, 68.0977314873989, 70.33648812438054, 72.57901088796795, 74.82527591263425, 77.07524584051804]","[0.0, 0.0, 0.0, 0.0, 0.0, 0.0, 0.0, 0.0, 0.0, 0.0, 0.0, 0.0, 0.0, 0.0, 0.0, 0.0, 0.0, 0.0, 0.0, 0.0, 0.0, 0.0, 0.0, 0.0, 0.0, 0.0, 0.0, 0.0, 0.0, 0.0, 0.0, 0.0, 0.0, 0.0, 0.0, 0.0]",15,"[90.0, 90.0, 90.0, 90.0, 90.0, 90.0, 90.0, 90.0, 90.0, 90.0, 90.0, 90.0, 90.0, 90.0, 90.0, 90.0, 90.0, 90.0, 90.0, 90.0, 90.0, 90.0, 90.0, 90.0, 90.0, 90.0, 90.0, 90.0, 90.0, 90.0, 90.0, 90.0, 90.0, 90.0, 90.0, 90.0]"
7,"[22.0, 22.14782056010935, 22.29286410337406, 22.43512821340696, 22.574612936871194, 22.71132075318872, 22.8452565372569, 22.976427515492997, 23.104843215558606, 23.230515410144868, 23.353458055223875, 23.47368722319245, 23.59122103135093, 23.70607956617218, 23.818284803824348, 23.927860527415508, 24.034832241428877, 24.13922708381453, 24.241073736197066, 24.340402332649333, 24.437244367469805, 24.53163260238636, 24.623600973591795, 24.713184498997187, 24.800419186068098, 24.885341940586304, 24.9679904766561, 25.048403228249928, 25.126619262563157, 25.202678195422717, 25.276620108968935, 25.348485471805052, 25.418315061784092, 25.486149891578744, 25.552031137156533, 25.616000069260068, 25.67809798797063, 25.738366160412948, 25.79684576163972, 25.853577818716445, 25.834651216583065, 25.81503761881989, 25.794809697948295, 25.774031998690937, 25.752761981878226, 25.731050922151226]","[0.0, 1.4782056010934852, 1.4504354326471258, 1.422641100328974, 1.3948472346423557, 1.3670781631752504, 1.3393578406818207, 1.311709782360957, 1.2841570006560943, 1.2567219458626155, 1.229426450790072, 1.202291679685743, 1.1753380815848047, 1.1485853482124853, 1.1220523765216939, 1.0957572359115986, 1.0697171401336902, 1.04394842385652, 1.0184665238253743, 0.9932859645226699, 0.9684203482047238, 0.9438823491655413, 0.9196837120543577, 0.8958352540539138, 0.8723468707091087, 0.8492275451820674, 0.8264853606979727, 0.8041275159382621, 0.7821603431322899, 0.7605893285956, 0.7394191354621782, 0.7186536283611744, 0.6982958997904021, 0.6783482979465205, 0.658812455777884, 0.6396893210353483, 0.6209791871056325, 0.6026817244231708, 0.5847960122677165, 0.567320570767258, -0.18926602133380044, -0.19613597763175505, -0.20227920871594307, -0.20777699257358506, -0.2127001681271068, -0.21711059727000048]",0,"[0.0, 2.214782056010935, 4.444068466348341, 6.687581287689037, 8.945042581376157, 11.21617465669503, 13.50070031042072, 15.79834306197002, 18.10882738352588, 20.431878924540367, 22.767224730062754, 25.114593452382, 27.473715555517092, 29.84432351213431, 32.22615199251675, 34.6189380452583, 37.022421269401185, 39.43634397778264, 41.86045135140235, 44.29449158466728, 46.73821602141426, 49.1913792816529, 51.65373937901208, 54.1250578289118, 56.60509974751861, 59.09363394157724, 61.59043298924285, 64.09527331206785, 66.60793523832416, 69.12820305786643, 71.65586506876332, 74.19071361594382, 76.73254512212223, 79.2811601112801, 81.83636322499575, 84.39796323192175, 86.96577303071881, 89.5396096467601, 92.11929422292407, 94.70465200479572, 97.28811712645403, 99.86962088833602, 102.44910185813085, 105.02650505799994, 107.60178125618776, 110.17488634840288]","[1.0, 1.0, 1.0, 1.0, 1.0, 1.0, 1.0, 1.0, 1.0, 1.0, 1.0, 1.0, 1.0, 1.0, 1.0, 1.0, 1.0, 1.0, 1.0, 1.0, 1.0, 1.0, 1.0, 1.0, 1.0, 1.0, 1.0, 1.0, 1.0, 1.0, 1.0, 1.0, 1.0, 1.0, 1.0, 1.0, 1.0, 1.0, 1.0, 1.0, 1.0, 1.0, 1.0, 1.0, 1.0, 1.0]",5,"[90.0, 90.0, 90.0, 90.0, 90.0, 90.0, 90.0, 90.0, 90.0, 90.0, 90.0, 90.0, 90.0, 90.0, 90.0, 90.0, 90.0, 90.0, 90.0, 90.0, 90.0, 90.0, 90.0, 90.0, 90.0, 90.0, 90.0, 90.0, 90.0, 90.0, 90.0, 90.0, 90.0, 90.0, 90.0, 90.0, 90.0, 90.0, 90.0, 90.0, 90.0, 90.0, 90.0, 90.0, 90.0, 90.0]"
8,"[22.0, 21.866368349373428, 21.759626710306254, 21.675560365596983, 21.61076294432709, 21.562444760414614, 21.528294715979154, 21.506378759065758, 21.495063873490118, 21.49296027153561, 21.498876802985073, 21.511786117881492, 21.530797134125798, 21.55513304906211, 21.58411360978082, 21.617140691082962, 21.653686468496293, 21.693283646231478, 21.73551732635908, 21.780018199196455, 21.82645680513239, 21.874538671301043, 21.92400016716807, 21.974604954438803, 22.02614093106934, 22.078417588255522, 22.131263714342282, 22.182183462495647, 22.231231051348818, 22.27846127031853, 22.323929093429758, 22.367689356596635]","[0.0, -1.3363165062657245, -1.0674163906717382, -0.8406634470927088, -0.6479742126989407, -0.48318183912474666, -0.34150044435460103, -0.21915956913396428, -0.11314885575639977, -0.021036019545093154, 0.059165314494649124, 0.12909314896418778, 0.19011016244306234, 0.24335914936312264, 0.28980560718711246, 0.33027081302140715, 0.36545777413330427, 0.3959717773518534, 0.4223368012760176, 0.4450087283737503, 0.46438605935936295, 0.4808186616865129, 0.49461495867028304, 0.5060478727073203, 0.5153597663053588, 0.5227665718618368, 0.5284612608675943, 0.5091974815336542, 0.4904758885317051, 0.4723021896971247, 0.45467823111227545, 0.4376026316687742]",0,"[0.0, 2.186636834937343, 4.362599505967968, 6.530155542527666, 8.691231836960375, 10.847476313001836, 13.000305784599751, 15.150943660506327, 17.30045004785534, 19.4497460750089, 21.59963375530741, 23.75081236709556, 25.90389208050814, 28.05940538541435, 30.217816746392433, 32.37953081550073, 34.54489946235036, 36.714227826973506, 38.88777955960941, 41.06578137952906, 43.248427060042296, 45.4358809271724, 47.62828094388921, 49.825741439333086, 52.02835553244002, 54.23619729126557, 56.4493236626998, 58.66754200894936, 60.89066511408424, 63.118511241116096, 65.35090415045907, 67.58767308611874]","[1.0, 1.0, 1.0, 1.0, 1.0, 1.0, 1.0, 1.0, 1.0, 1.0, 1.0, 1.0, 1.0, 1.0, 1.0, 1.0, 1.0, 1.0, 1.0, 1.0, 1.0, 1.0, 1.0, 1.0, 1.0, 1.0, 1.0, 1.0, 1.0, 1.0, 1.0, 1.0]",19,"[90.0, 90.0, 90.0, 90.0, 90.0, 90.0, 90.0, 90.0, 90.0, 90.0, 90.0, 90.0, 90.0, 90.0, 90.0, 90.0, 90.0, 90.0, 90.0, 90.0, 90.0, 90.0, 90.0, 90.0, 90.0, 90.0, 90.0, 90.0, 90.0, 90.0, 90.0, 90.0]"
9,"[22.0, 21.840278715814634, 21.699013939750866, 21.559217242661806, 21.446073524049073, 21.349694535916452, 21.26578560369642, 21.19228864088011, 21.128200441124655, 21.072542997281438, 21.02445610964499, 20.983179887127513, 20.948040380740363]","[0.0, -1.5972128418536613, -1.4126477606376753, -1.3979669708906073, -1.1314371861273287, -0.9637898813262069, -0.839089322200337, -0.7349696281630713, -0.6408819975545654, -0.5565744384321647, -0.4808688763644753, -0.4127622251747809, -0.3513950638715002]",0,"[0.0, 2.1840278715814634, 4.35392926555655, 6.509850989822731, 8.654458342227638, 10.789427795819284, 12.916006356188927, 15.035235220276938, 17.148055264389402, 19.255309564117546, 21.357755175082044, 23.456073163794795, 25.55087720186883]","[1.0, 1.0, 1.0, 1.0, 1.0, 1.0, 1.0, 1.0, 1.0, 1.0, 1.0, 1.0, 1.0]",38,"[90.0, 90.0, 90.0, 90.0, 90.0, 90.0, 90.0, 90.0, 90.0, 90.0, 90.0, 90.0, 90.0]"
10,"[22.0, 21.873133867935483, 21.58411360978082, 21.500472329325333, 21.426420422536626, 21.361095053609564, 21.303729162457138, 21.253637797092892, 21.210206817893777, 21.172883496726552, 21.141168641997965, 21.114609961695198, 21.092796437808477, 21.075353532388064, 21.06193908160797, 21.052239762277843, 21.04596138074957, 21.04282833930964, 21.042582936301493]","[0.0, -1.2686613206451725, -2.8902025815466104, -0.8364128045548824, -0.740519067887071, -0.6532536892706275, -0.5736589115242552, -0.5009136536424563, -0.43430979199115427, -0.3732332116722503, -0.3171485472858748, -0.26558680302766646, -0.21813523886720532, -0.17442905420413268, -0.1341445078009329, -0.0969931933012802, -0.06278381528272092, -0.031330414399306505, -0.0024540300814734906]",0,"[0.0, 2.1873133867935484, 4.34572474777163, 6.495771980704164, 8.638414022957827, 10.774523528318783, 12.904896444564496, 15.030260224273785, 17.151280906063164, 19.26856925573582, 21.382686119935617, 23.494147116105136, 25.603426759885984, 27.71096211312479, 29.817156021285587, 31.92237999751337, 34.02697613558833, 36.131258969519294, 38.23551726314945]","[0.0, 0.0, 0.0, 0.0, 0.0, 0.0, 0.0, 0.0, 0.0, 0.0, 0.0, 0.0, 0.0, 0.0, 0.0, 0.0, 0.0, 0.0, 0.0]",32,"[90.0, 90.0, 90.0, 90.0, 90.0, 90.0, 90.0, 90.0, 90.0, 90.0, 90.0, 90.0, 90.0, 90.0, 90.0, 90.0, 90.0, 90.0, 90.0]"
